x,y
135,1988
774,545
54,495
1361,1546
1968,597
638,1515
1035,1991
521,673
1047,1026
99,552
1112,1120
1106,276
984,1831
1025,1059
82,1834
142,171
1647,274
1308,1785
1311,239
1044,1641
1243,1313
942,826
1139,1337
1353,640
1938,1221
779,76
1181,1527
1609,1511
1934,807
245,262
297,1602
1582,1367
498,264
1893,443
1457,1875
886,365
687,116
824,1235
133,161
505,1805
265,362
524,973
408,592
107,1391
1546,173
26,92
1306,1682
928,1177
1318,1314
1228,1555
1781,1359
1014,212
981,30
863,1983
1920,329
756,62
488,1491
1736,1267
669,1100
674,489
1603,244
493,214
396,1304
304,137
1760,241
762,374
651,128
1177,286
561,1130
1397,645
217,1596
1752,711
1425,1909
739,1794
174,1614
1132,789
41,1949
1875,1913
469,151
481,1481
672,360
254,781
409,714
1430,896
568,323
1725,487
1278,285
605,1818
309,783
604,1687
982,668
543,1035
654,1825
68,1835
705,1919
1486,779
130,382
578,1696
354,903
882,845
1202,1726
242,177
1722,1684
75,1150
297,1279
1214,1804
831,124
41,956
1472,744
1408,182
72,411
351,499
376,1611
479,1885
28,1677
127,17
434,1586
402,243
246,1835
1118,1926
1434,769
1276,1005
1556,1115
181,1942
514,1786
901,870
442,401
1302,1392
1204,1358
377,1972
1290,87
701,35
634,944
1053,462
1690,1229
1943,1412
34,905
1758,547
1196,737
900,1175
196,2
102,1357
352,652
1594,985
1336,633
324,1513
952,1069
419,932
462,672
204,1375
447,412
619,700
242,600
844,103
102,1037
1129,1593
441,1375
1344,850
1016,1184
1902,1891
1996,299
820,1490
1714,173
411,676
876,1287
1248,422
734,951
477,1566
1329,720
1851,692
1698,1504
656,240
672,1168
1697,1139
256,681
916,168
131,1301
138,23
610,1947
988,133
1562,735
1797,1333
1826,568
717,1897
1810,1453
1795,1806
1716,1792
788,357
460,1103
783,1850
1088,325
1847,673
1323,949
398,1679
504,410
258,1885
1281,1075
1956,875
426,1665
1692,1456
1540,1972
507,320
885,1959
46,462
1093,185
23,1531
724,98
1595,257
673,1493
207,1579
1517,1919
1597,1082
1793,1586
1549,594
894,612
1639,411
1451,30
1157,1919
1671,1469
1810,1003
1765,1121
1685,1819
1701,1898
300,1003
1766,686
1856,695
985,998
444,1949
1263,1661
350,1776
1651,1747
1650,689
1003,1802
1956,817
565,1107
1569,644
1190,589
973,936
495,420
520,242
1423,937
206,1941
1865,1540
795,1329
86,431
991,635
313,1412
599,555
1773,1635
1909,1793
227,383
1416,1978
1315,1698
1949,307
932,1086
1530,787
1830,562
467,728
1482,350
502,71
1736,1813
1831,1575
757,1139
219,1140
1873,1328
1361,1694
1929,1686
623,1049
1049,779
863,1342
1209,1475
596,1674
32,1196
1588,1289
1964,757
1107,725
472,1268
1476,696
662,1821
1520,1233
1650,1454
300,1837
1755,985
1882,148
1550,433
480,580
581,1945
215,32
689,1896
529,765
201,426
1682,1204
633,1916
1290,815
1186,1863
1804,1917
486,310
23,159
1740,523
326,1242
659,1456
363,1658
1823,129
1583,1456
653,1552
58,206
1333,657
1132,1284
947,866
1122,178
1950,1727
688,313
864,1701
1778,865
611,839
126,1046
1223,161
1342,814
196,1976
1160,1837
1542,1490
1034,387
829,949
716,1962
1027,418
853,149
871,1914
841,53
1115,1289
1623,580
128,1452
119,23
878,517
444,1983
1577,487
21,664
431,1853
1409,367
346,1826
49,689
1728,543
526,1017
1816,954
138,436
309,721
1137,1111
868,1739
530,920
767,1047
1868,425
1345,1261
290,1795
591,1718
337,1477
549,422
1566,614
81,1579
488,58
1295,1815
87,1687
367,214
1770,225
359,218
1335,372
1004,1582
1004,1419
1362,1518
1375,74
722,1708
1160,1676
1024,1363
702,629
1497,1840
724,1963
1426,1806
1785,1344
277,1272
1261,1632
716,1108
1212,693
239,1883
164,1461
1064,266
1313,618
1889,1463
705,836
105,1255
1773,1389
923,278
1490,660
106,450
1097,1883
684,1217
361,280
1731,1667
1564,520
1464,830
512,457
986,781
719,960
369,1129
643,1908
1561,32
1592,676
635,1760
945,669
1587,1688
1680,713
293,354
575,993
581,1120
1555,673
1836,1504
937,1483
1754,1497
1337,587
305,935
1099,193
937,559
1205,1749
769,1644
1469,771
1310,1826
734,513
875,1354
1898,577
1338,1704
48,1947
217,616
13,379
621,95
1527,1466
1763,390
1383,1256
1446,1193
761,1036
1981,923
517,1718
786,994
1653,1198
369,484
1239,748
302,1776
216,733
187,1490
1456,1270
1053,1407
285,943
181,1262
98,196
1095,1508
171,1601
544,1854
1038,129
1485,1735
239,1828
1362,1472
901,1496
324,1277
239,1862
1441,1394
836,1573
1701,1934
113,1974
1360,1882
4,814
757,179
541,1268
236,1365
398,546
497,1535
1194,298
20,17
672,1041
290,694
1045,1301
1525,1815
1858,454
574,386
184,133
1953,1368
573,421
352,415
1041,1601
1061,1689
1291,1764
1275,581
1705,1278
250,726
790,10
1523,1789
351,1375
1158,132
1192,283
418,1071
805,572
750,982
973,203
454,1796
101,1059
370,78
1958,1334
1114,619
862,346
1590,996
1710,1036
1039,1516
1886,935
129,1183
1456,402
1198,1703
1276,601
1026,1339
354,1766
37,752
941,288
1288,1485
1989,454
975,1138
1779,555
1694,803
1484,1641
702,1426
1201,1834
872,1940
35,531
380,640
1621,834
1137,1342
467,1761
1123,1676
1987,1715
1191,918
349,235
496,353
1770,51
54,373
1440,418
74,1551
873,162
1753,574
804,1371
1640,1364
325,899
487,1235
822,1491
207,1966
693,1192
1421,1099
1869,1292
52,875
1938,938
58,747
1779,1958
1575,387
536,309
591,274
1008,1474
1567,807
291,361
1759,33
1724,612
924,422
1721,296
892,1811
270,780
618,198
628,76
1524,1738
1157,476
1650,1285
69,277
1992,1571
1092,1663
234,1193
992,400
1216,71
1501,1265
1260,861
1049,79
612,460
1924,930
1331,1434
3,1675
413,413
881,1103
1478,651
1769,1405
652,1725
1048,1586
1930,1843
171,524
804,84
344,1339
1560,1915
738,1040
1375,1010
1529,434
101,1888
473,1543
14,818
1561,550
1870,414
814,657
830,745
1390,267
1197,41
1049,1184
865,1711
1128,1193
8,1448
1956,682
1349,674
1055,295
738,916
1136,642
1906,122
1568,473
108,1630
1972,1908
130,436
109,1621
824,1042
1111,1801
1179,557
1116,392
1376,742
974,1765
708,919
1417,1359
1643,581
741,528
1724,1549
1983,103
656,1022
201,1760
1087,184
542,1010
1754,1122
1631,926
565,1135
1247,665
12,933
643,397
151,1120
771,827
866,1269
1864,1077
928,1050
553,847
672,819
298,1262
787,1647
1655,474
1217,784
728,403
254,1954
886,939
1977,1500
29,1365
524,321
444,1711
881,1054
232,947
466,206
177,560
1948,910
1615,546
252,253
1694,1464
522,1442
691,1148
22,949
1169,239
118,371
816,219
850,634
1949,1863
1627,6
468,998
582,578
259,1225
512,1643
1337,916
921,193
747,142
974,931
1336,444
1207,1806
1941,1994
173,57
1285,672
805,1338
360,1635
1931,1496
318,1940
1714,976
1975,334
147,327
1884,890
612,1348
929,1712
1518,1906
205,175
107,67
1351,1093
88,1863
91,266
711,895
193,714
1797,507
346,1864
1923,1444
1863,451
731,1507
1019,1241
789,576
159,724
396,1667
228,1769
513,377
403,1682
1773,1449
1833,1834
297,1046
373,1802
312,1593
688,879
573,780
1330,339
251,119
1132,1763
1017,1002
220,662
5,552
972,895
713,359
546,1063
939,1570
425,105
739,996
1621,1557
636,1879
641,334
1254,1870
1887,23
1514,1071
1968,311
513,286
1873,1708
1489,1992
1799,562
367,265
1542,601
326,1941
1356,335
1853,835
603,165
1757,1976
921,846
484,1119
617,639
1249,513
978,375
557,55
742,857
960,33
61,393
1704,161
16,1113
234,778
64,719
1821,117
389,1290
73,1518
25,1485
68,524
39,510
931,481
1335,412
1412,1909
194,1141
1354,41
1524,595
278,1710
1723,1353
1068,268
1609,1092
997,1852
609,139
1561,1094
243,1856
552,229
805,407
1409,1137
110,1323
448,1768
1350,539
410,163
1637,741
1517,345
165,684
803,525
512,1209
45,10
960,1199
1401,1773
270,1612
1724,89
584,320
545,1401
210,660
975,486
950,940
1017,1637
1977,1074
225,1673
1412,1707
1727,816
1931,1384
1337,1972
907,512
244,256
1497,71
955,367
1655,1826
1389,1305
987,1108
1927,1236
1456,1091
1378,673
449,929
1932,1757
1058,52
966,1294
1262,1566
453,403
1430,58
54,232
101,924
651,688
1940,1910
906,586
239,148
255,806
894,1120
1760,1936
277,641
929,1319
1316,565
823,671
1103,192
583,1539
543,83
1272,252
591,1476
290,600
404,960
340,960
849,1490
549,836
1121,1298
1775,699
347,513
512,1388
1409,832
1784,1785
1092,1531
181,235
896,1171
931,1781
1640,894
321,1864
1534,721
1347,1169
1403,1201
447,941
594,1395
851,211
1962,1627
1015,206
489,1911
1587,442
1764,1777
863,1304
689,639
69,358
1611,723
240,606
1849,1655
950,833
1270,1577
1889,483
859,1369
1556,1870
1740,1444
313,1053
1265,1188
1721,752
1133,225
1087,538
1993,933
162,1504
1732,1764
94,1311
577,775
1409,1388
1076,1183
1157,1230
1587,1579
529,1628
1954,146
870,335
1580,752
1568,665
1113,1947
166,1234
1343,1519
1172,1209
46,1819
516,1316
821,741
180,1148
602,259
69,1639
447,344
1982,1857
1533,666
301,1962
1688,1957
1987,231
1357,207
713,88
1406,1738
300,1859
317,991
1083,1917
170,1070
44,1753
911,1726
176,1268
993,533
190,1562
1851,926
820,102
406,486
24,77
1872,1077
1716,1984
503,1515
820,1347
456,937
952,332
1733,883
1177,532
421,735
467,15
864,415
1944,1655
1942,1850
1406,1364
557,546
1390,94
889,1188
780,1195
163,334
1124,1588
412,1315
1040,552
1130,858
1550,1276
192,1248
1007,1092
969,95
1677,1532
1894,1714
790,905
1170,248
1546,838
714,497
208,23
322,293
1462,708
759,892
1457,636
874,42
776,1237
1532,1063
594,753
121,966
633,905
1659,1179
646,1836
332,151
1215,660
1691,639
1582,824
395,401
495,681
1314,690
77,1216
904,460
1871,1881
44,454
629,514
540,101
1849,38
1958,1529
117,636
1142,1672
1817,1675
1998,1298
1505,48
810,1447
1213,1113
1361,70
1707,1552
625,450
1699,1975
985,508
1945,1933
1432,601
1900,1110
757,766
135,1169
1538,1431
698,1234
1681,1620
1507,50
1299,1365
1067,1990
573,264
797,626
1526,1174
1549,370
346,1527
286,1966
1681,1558
985,337
1697,1864
1120,173
1700,214
734,748
834,846
166,1330
1247,638
1025,423
1646,401
1754,367
1148,1292
1232,1662
281,530
844,1864
410,233
1858,543
429,313
1637,28
1325,1189
1579,988
1187,1593
168,935
1168,1192
1058,692
224,312
1336,1839
451,1118
574,613
1571,1433
998,58
823,1038
728,1008
1492,1291
110,1453
801,1659
1061,1858
1145,373
305,729
1311,1179
1802,1921
118,253
1165,1379
233,102
844,39
191,602
1430,557
1286,1005
1868,601
1750,1036
593,1646
994,1398
641,1668
1743,7
1312,112
1298,1235
1320,895
385,1458
1667,897
474,1673
247,344
604,458
292,1342
1523,1424
660,689
325,525
1207,1305
1473,687
924,1502
732,296
742,1123
235,1197
485,492
1474,628
623,202
457,767
490,1093
1538,1263
995,1884
632,87
1665,1203
953,147
932,1901
527,1300
68,852
1426,67
284,1330
1675,1935
1659,421
826,840
1056,1867
1045,1791
1981,1623
551,179
1410,1914
698,1887
899,1397
1931,1930
401,1773
1862,615
1702,762
1220,626
970,885
1552,1606
429,1676
1269,817
1025,431
1033,980
144,942
937,727
24,1025
1663,1836
643,692
1812,256
1036,674
1210,1217
41,236
784,33
147,1505
1259,1096
470,1038
1622,1411
1408,785
1971,895
60,1228
1093,1089
903,219
569,1152
371,276
1438,1185
661,1467
1724,1568
694,1125
1602,810
1864,1519
1018,186
1453,1381
1484,652
1185,894
1042,392
1179,506
287,859
568,1620
1595,169
1688,1792
255,1865
898,846
1541,708
1299,1926
841,1166
1456,1075
1179,103
26,187
98,109
234,1229
1324,1303
1974,1351
369,1999
1846,1132
682,1825
405,391
1176,1618
729,269
359,1377
1261,1564
1323,1010
1521,1792
883,1617
115,1057
1967,929
1228,1687
1846,949
1944,1232
1152,1450
1880,65
420,1231
1716,807
1122,1983
902,1457
1901,1377
926,1751
203,1412
1282,1720
34,1613
363,1585
1867,579
1597,1976
1030,1238
318,529
1830,1016
1560,1626
60,361
207,224
76,318
1950,1182
229,1264
450,206
1533,158
1606,1111
774,1024
1570,1469
523,10
1850,71
1272,1560
518,751
497,319
1533,1147
402,171
881,948
705,1172
1397,1983
970,1427
1122,515
284,691
481,1892
1467,175
1392,332
365,1078
498,1951
541,1075
378,1688
285,1986
1006,818
1522,1867
560,1755
592,134
690,284
102,121
1390,1151
1280,672
378,1677
1654,589
1371,633
1926,1703
123,1994
80,1100
1828,1693
1469,183
469,1783
1212,1272
1161,931
158,795
1540,1501
532,1310
750,725
207,606
655,1718
885,463
1262,1189
307,358
483,1531
704,1853
1041,1134
1305,1158
600,781
583,1522
65,786
289,1015
810,1150
791,1136
325,783
1711,710
1524,1789
381,1733
1775,30
1917,1697
535,890
1904,917
111,1075
1008,971
1941,1107
531,531
412,456
857,1494
1161,250
1658,439
617,1294
181,1934
435,296
1216,101
121,950
665,658
1368,115
545,259
1206,1780
1633,877
1998,1727
1445,612
480,1317
1777,1814
455,202
1122,442
911,1336
1692,1462
874,1681
1709,1767
1779,805
962,186
1930,859
1487,109
147,1604
298,1453
1771,743
255,742
393,1788
1387,1944
1579,785
1133,1277
286,1140
624,209
914,34
220,428
1456,522
954,1625
1125,1157
1799,1206
1896,422
622,902
991,306
6,1068
1691,677
1275,192
664,532
1356,1101
567,660
1613,366
1896,968
196,615
752,16
116,1779
1387,1419
1098,97
1841,1384
1802,1474
1244,521
648,1216
801,602
99,128
689,1827
169,112
696,1788
1054,1
1121,1112
1971,37
209,732
653,1531
209,1276
1876,960
87,834
1092,897
158,930
1633,1900
1533,177
458,8
1033,1247
1665,47
225,1833
983,1391
814,1643
1542,1510
1513,589
35,688
462,192
325,1153
524,1667
1167,17
1116,1432
1420,1176
1630,688
820,917
1959,1800
807,486
475,1155
780,1047
523,1957
116,1281
1875,881
100,945
1441,783
281,43
251,691
882,663
1491,849
1542,564
1973,1038
57,1023
873,1382
207,347
1729,517
1779,1243
862,915
118,1343
476,421
782,1160
1680,685
1038,1362
1505,1061
1438,731
776,1592
888,1522
1612,1234
809,778
1285,1015
987,1650
752,1828
1197,356
774,1374
988,1871
1329,1316
1200,363
1132,509
1547,873
1044,1947
1659,317
170,1018
1085,936
240,1814
1782,1361
332,1366
1503,863
1177,909
499,57
1655,1832
772,577
772,574
762,651
193,1033
865,1887
1989,1048
430,1867
1531,161
1436,1607
1833,1207
1480,74
809,1493
1959,1692
995,493
852,1329
1003,550
1522,128
248,1464
549,850
1397,1689
59,542
426,1365
1557,196
938,643
882,1124
1715,1053
1517,1199
606,1091
545,797
1537,461
895,1618
728,949
855,1960
186,1885
1474,802
60,931
778,1733
823,1993
1497,1944
891,470
1176,1288
922,415
1848,1328
102,1613
425,636
1727,1442
1267,512
1826,1095
1491,777
1273,1442
1837,989
542,1040
617,1330
1456,1482
1145,1682
1208,1239
111,157
141,1516
444,93
189,1770
1140,602
247,1761
1565,1537
492,355
844,1383
501,1487
1121,1201
415,640
1055,163
411,1017
567,147
1176,909
1462,1425
259,758
510,1774
1333,1873
725,1444
1931,892
1511,1216
1772,214
1742,854
879,1669
533,304
1061,1843
1480,1714
335,1471
1652,130
1384,1146
805,1121
1863,647
439,243
1541,395
220,184
552,1893
377,921
1224,1541
1058,1347
470,1799
264,962
123,68
792,1081
1128,1146
20,1362
712,1697
531,1149
325,1647
1643,1540
1396,1679
1438,726
1414,865
1965,1261
688,1276
1446,289
1444,1760
845,1627
1333,1025
370,647
142,1693
1622,1395
206,610
998,968
289,1358
555,497
1103,270
1679,1274
1695,1768
1815,754
1783,660
1759,1351
1102,1251
1966,1352
1295,1920
1067,712
424,1380
1895,1981
922,415
1634,1770
552,796
1197,1925
1396,582
945,1762
196,1365
131,1963
1216,648
1301,225
1626,1056
911,1967
1800,1846
634,1710
616,544
1702,832
1547,1948
284,304
209,1616
1687,1194
1717,15
1813,1594
1524,265
1819,932
1768,1987
421,222
1841,1304
1734,1823
1435,380
1858,1119
723,1034
1199,1992
1792,364
554,1083
599,1426
1289,1700
1475,1457
1257,407
1356,803
433,834
1987,655
1854,798
840,1567
1076,1228
159,895
223,1273
1460,99
1303,1580
1670,114
1675,417
119,244
131,375
1632,1941
1504,1271
1702,1600
1941,1602
1829,1699
109,188
1488,23
826,235
205,65
1061,921
1855,533
1518,1388
1326,1315
104,1269
511,1893
1716,1139
75,1207
1359,202
1282,201
1501,1192
1346,176
1064,1155
1226,1988
1254,252
1860,1664
467,977
1072,1967
1797,1002
874,798
295,918
579,265
688,1379
1378,369
186,388
1919,1733
363,1302
1472,1164
10,1750
493,106
1515,1196
325,130
599,1638
729,913
1112,1641
411,1756
1723,252
799,1055
1696,974
17,647
1436,683
1584,336
844,999
1568,1394
1539,350
661,400
552,1036
246,1206
1121,1325
601,358
624,1594
203,155
891,1788
1045,1839
974,1209
283,112
465,31
1697,542
727,1473
1568,1498
1216,124
1938,910
1591,1774
1869,744
1108,1261
1409,716
538,1683
617,1918
1133,533
1795,1892
896,82
617,1856
1167,1198
1201,72
1701,826
1337,701
1180,1567
215,1753
228,634
887,1566
1591,1207
844,1276
998,360
705,1709
1167,663
981,1263
1825,603
531,1685
1205,804
765,794
1006,140
1571,485
1325,656
705,1763
1060,763
651,1615
1702,428
1319,1676
42,105
1650,641
563,1534
599,1564
1892,1265
546,1239
1909,501
26,1846
792,638
573,131
954,105
387,328
1709,1192
479,263
368,1335
386,483
659,6
933,1537
837,1200
831,133
235,1857
1657,1900
1432,1243
469,1422
547,1661
335,1454
1162,1634
1946,1654
876,462
232,920
927,763
1808,84
93,499
939,1510
927,1822
821,1096
429,907
1799,597
1790,1047
1462,1548
1417,1842
1309,96
467,119
89,1419
573,1995
1739,1304
379,1809
442,1506
864,101
1392,411
1471,132
780,1635
1723,1302
1318,468
1925,1980
293,505
822,1383
221,620
616,1254
117,876
523,634
79,1245
101,434
1453,306
1382,827
655,1132
1965,89
1932,1148
542,1373
356,156
1143,1587
1292,1187
759,1450
780,17
1152,1241
1177,1746
1298,233
1785,967
361,1054
1464,749
1883,183
617,345
1063,1665
1891,1851
828,23
155,1252
501,1384
1706,1083
475,189
770,1308
553,1531
924,350
612,157
1034,975
1877,156
485,1894
1169,1396
1834,1895
1828,301
80,1268
934,145
975,281
1955,591
46,1593
960,1229
237,346
1986,1426
939,1776
1772,670
1799,1322
1851,555
947,519
1099,1693
157,1705
216,874
1972,334
251,1196
1796,1686
1117,1050
239,111
1452,1624
1261,1395
611,701
927,1008
640,89
932,1031
1811,1294
642,783
823,74
590,1087
157,1595
962,86
759,528
1562,303
1111,1499
1387,426
429,1645
1942,1800
1245,1586
366,1332
1422,1388
1811,1687
1889,458
791,1885
110,973
892,878
1289,1755
1976,1177
1678,348
48,962
1807,281
582,1594
1390,690
1933,196
679,1678
1201,1771
1830,907
1317,1202
1461,460
1478,454
1193,1473
541,1331
1262,545
1276,432
82,33
1854,409
1279,1950
593,1522
1712,866
1259,115
1704,1779
362,1410
1189,1549
252,545
156,269
1787,1366
1695,1444
1130,1455
997,945
1655,850
1634,1970
683,794
355,872
703,1818
176,980
1133,1682
1684,848
1865,1447
830,351
1289,284
1444,75
1658,1715
1666,275
1166,262
326,1655
1121,793
1529,1617
729,472
1714,1212
257,770
1669,1112
169,1361
719,510
318,902
1580,439
215,1358
589,1632
412,1265
1794,583
1414,2
682,1239
1024,890
1762,1451
1024,886
507,19
185,370
1208,1252
1788,758
1270,859
1168,536
1596,960
432,1906
1843,868
36,1467
101,1991
48,955
1606,1774
214,1196
1210,280
1804,616
880,1363
514,1875
991,1454
821,1011
283,718
1603,1447
27,1073
727,1646
880,61
1841,71
1337,1284
1352,1706
363,815
1124,1962
175,1907
1086,1916
1320,947
1493,318
10,93
1917,1170
339,427
1900,1940
1889,955
1170,1367
1388,1488
527,1187
427,289
1856,786
921,1952
962,720
901,688
1124,1809
1001,1339
1439,404
1208,1259
1159,722
1358,573
1029,1724
1104,663
796,344
887,942
225,1313
1004,861
339,1930
658,1930
1372,979
151,1900
1549,1631
1367,1614
1336,1200
790,1675
838,1670
1393,1880
886,978
1692,158
1464,1175
18,1226
1959,445
1825,740
725,203
505,191
616,1291
1569,32
1277,717
67,962
390,665
833,666
1249,1726
828,488
252,1371
686,777
1428,729
222,1445
578,1368
380,1673
327,284
1755,589
825,68
207,318
779,1471
1142,1450
355,72
288,1519
1465,292
982,1148
1973,615
958,1743
394,77
595,44
1734,659
886,712
1857,1075
1516,192
691,481
1403,1017
640,1358
1890,715
1504,1787
1592,1598
603,730
1534,456
1285,1405
1831,992
596,12
968,256
1000,1350
1711,1557
1301,850
1894,1974
1401,496
768,152
68,1561
162,1590
955,369
811,1897
320,1571
1068,1264
1602,991
1173,377
1859,292
1279,1619
617,1424
1581,1947
719,1970
499,106
1275,407
1951,1251
485,1418
305,1678
884,1661
1383,1314
1686,313
15,1784
1273,1414
401,1261
216,1776
1473,1772
1169,1923
937,1023
1701,884
1922,943
630,1832
1200,1551
1789,979
335,1322
1930,1156
1066,655
107,485
1959,532
265,127
1541,418
802,1885
1255,695
18,1415
1215,363
1033,983
1818,319
77,1309
54,613
958,1793
105,701
180,168
408,1216
1394,410
514,1503
618,1016
604,1339
1632,178
1031,1485
1317,1881
1814,778
438,1733
1812,1298
1243,571
154,1009
109,273
36,135
412,690
1879,90
1057,1943
390,1507
1521,1548
1779,1571
1030,750
1791,794
1028,1442
1381,1727
141,1437
924,622
1492,873
208,57
1801,907
1836,796
894,25
887,1843
1934,838
939,1713
69,543
1875,1380
536,40
1327,966
570,1828
165,1736
779,668
1090,73
1333,51
110,1370
1061,1808
473,148
1054,1106
906,1463
980,1616
385,1935
1254,1948
493,1604
1368,1259
1614,586
1028,913
220,1855
1457,1895
1743,1258
1765,1103
1504,286
427,1130
1408,589
1681,302
1736,501
1354,1931
1769,771
944,1131
540,646
632,817
896,1027
1825,1696
1201,1387
1292,1653
662,1445
564,1689
1434,784
223,1137
619,1930
1243,1084
17,132
161,937
1229,1311
452,1548
631,670
1002,1750
1846,253
1856,1680
632,1198
389,388
76,1773
1237,733
1998,1902
1824,267
932,1353
270,1474
1881,313
559,1154
585,1341
1660,622
1600,1154
1604,1176
1126,1683
858,1842
944,1661
1598,1440
540,1171
1291,261
1740,311
1315,1979
1885,907
352,1435
1461,88
1095,1994
1919,654
1376,683
219,818
600,436
467,1181
1953,1460
1600,1242
1378,785
1425,1593
815,1252
1776,1551
1663,1593
1564,1569
310,1194
1436,1792
1671,1911
597,1861
1609,556
947,1927
864,1226
1502,712
252,1088
931,891
1867,338
1938,537
364,356
1574,1906
268,1488
237,1131
108,772
1862,1044
271,674
558,1897
877,1514
540,1592
69,680
958,1963
1902,759
844,233
998,1596
169,489
942,1790
444,929
630,1263
350,1997
1458,690
1670,1579
863,251
802,1972
789,1112
1830,195
1557,722
1993,1195
1046,222
1162,259
1140,1746
158,206
1612,469
1494,1255
1589,1434
1929,882
1761,1841
1950,1125
1024,482
1150,1894
215,142
1231,1391
1560,949
1814,1637
1452,1916
730,1256
633,1321
1485,1312
1918,1358
876,1213
1238,1242
678,1982
855,431
1972,954
454,875
207,1067
1701,231
1801,1268
702,588
1359,174
638,947
1945,1106
482,1259
1183,415
893,511
847,1111
1790,1963
1416,541
1747,621
1026,1035
1957,1038
152,993
1146,986
29,1469
1676,1538
1875,851
972,541
584,1809
330,1609
772,596
1231,208
1993,1424
1243,1092
1154,701
297,1806
875,775
57,271
1420,1964
1337,803
1585,924
474,1
163,167
3,1984
1188,385
476,615
771,1393
1883,1053
904,1142
1642,1870
494,694
914,1486
1375,1577
950,970
522,236
589,1128
1527,1415
1718,345
1852,1783
551,1881
1358,1898
766,1019
72,468
1435,84
631,849
913,1113
1014,1999
1521,1681
921,1230
1146,149
1145,1515
79,733
640,1069
1201,181
648,536
625,877
1552,329
1642,1858
871,189
1759,1638
1196,1588
435,10
137,1148
1886,617
1492,1985
1965,710
1077,362
1698,211
1881,951
483,1858
336,840
771,117
1311,604
459,703
961,906
141,1049
438,625
668,574
335,1777
1159,293
1092,1238
1639,41
1032,1655
39,1995
1737,351
1595,532
750,767
543,1393
110,351
1353,920
1161,289
564,1836
638,635
922,1281
1793,715
1547,504
1313,1498
838,1894
1541,861
1949,934
1611,1312
1746,634
690,1817
1794,1688
1941,860
815,1914
1323,819
482,260
1972,1841
755,707
600,1657
249,1820
1124,71
1070,1694
1309,549
1611,625
1107,837
1735,1811
1385,52
1230,1745
866,1396
1829,135
1056,66
1480,153
344,185
929,1481
1588,1274
1708,997
160,1736
710,1786
1862,1784
1069,675
1363,922
889,722
728,1617
571,359
70,694
100,1340
100,1196
1483,403
3,161
412,1884
77,1096
1926,1635
436,1586
1186,1922
778,1971
1092,1956
536,1204
626,1477
1373,719
1366,1309
948,140
1964,517
254,1407
637,634
1551,642
1729,790
1194,1021
1755,428
1875,0
364,1825
1867,1649
111,862
158,1945
1245,1979
343,1621
231,802
1057,1010
1796,274
251,1584
938,862
852,1347
1250,1365
1437,714
1470,1231
1936,614
373,1232
70,219
1386,922
1581,970
794,1640
214,1705
1878,1007
1292,1201
1375,1717
354,1959
78,602
184,1256
991,1793
1965,933
1450,1478
848,222
1843,1616
46,449
690,12
1924,32
1224,175
169,293
555,510
1950,921
299,1915
1746,1038
1326,912
1184,718
1091,1905
1493,1010
1042,881
1782,1836
547,589
613,1044
1241,1349
884,1621
191,1003
523,1947
1985,992
185,1060
559,1850
1964,463
236,1320
845,230
223,1907
1648,64
283,423
1115,866
1865,1103
327,94
414,771
1341,1323
1855,340
261,1307
1819,815
1818,1832
339,785
603,1155
298,659
802,962
456,437
1668,1464
1937,238
629,436
1205,1507
308,1098
607,1635
128,1643
844,634
1397,1709
120,1924
1920,915
1959,973
1354,608
512,64
360,658
1031,50
639,1975
528,328
1266,1247
84,1836
1551,1556
265,1300
1328,1502
1483,1904
120,1404
1128,103
119,481
1110,647
528,254
1411,1204
1332,187
783,1397
50,232
1302,1817
1392,1542
298,1516
1924,11
1066,1709
1689,1100
960,1967
755,1145
1266,285
1120,673
460,371
1390,261
715,110
1942,309
1566,200
295,1142
801,1038
1529,1312
1225,1945
951,964
107,875
1471,803
63,1027
359,772
1222,1268
1311,525
1557,901
551,956
51,242
213,298
1647,342
1325,199
573,162
1045,357
1858,1920
1422,1270
1037,1494
1550,1245
623,423
827,1618
1544,244
315,571
1644,1206
1575,1369
838,949
768,1717
1567,1363
1847,657
65,1221
1619,413
797,879
1664,812
405,445
1088,1210
1669,1366
354,1635
1930,1964
1291,795
1950,257
593,306
1476,1601
727,1682
1105,1251
181,1749
674,30
499,227
1929,485
1596,1502
1396,1556
906,1552
1018,223
971,33
1887,265
1332,1019
1848,1920
3,1281
1241,1394
1300,1042
111,1915
525,1495
755,685
1543,1318
814,677
1789,613
478,238
1026,1357
1496,1598
1390,301
1990,997
683,1364
1359,1892
340,1017
1688,1290
1750,1717
1296,1734
95,1009
536,360
1492,1377
748,694
562,572
76,135
52,484
901,1088
1151,1429
1958,108
27,963
1019,109
890,1484
776,1242
859,804
756,1195
412,1659
1597,1775
353,595
750,451
1745,1989
1447,674
1523,1043
1403,1509
1489,1601
42,921
573,1588
1509,800
53,1338
1463,860
188,1116
734,1736
1689,993
314,1947
1538,1596
1456,1990
849,1670
144,1151
1903,667
1614,200
1377,1694
1387,1273
304,771
950,903
337,1011
1291,123
1686,1871
1976,654
1903,837
1255,1005
1766,1776
1651,1128
1607,285
1634,1873
932,1883
328,1081
335,1240
370,723
401,628
396,1635
1604,1113
1729,499
1714,142
1883,408
900,1307
122,1728
219,521
149,794
583,601
1553,1930
1657,1979
637,189
1599,1924
1483,820
938,492
1435,168
563,1949
1947,687
1091,1195
804,1115
549,1592
702,926
1374,1810
1235,489
1911,646
349,182
1473,1388
1347,265
654,467
45,415
932,925
675,1650
1002,327
16,185
1781,136
135,450
243,699
1881,1687
1693,1759
242,332
707,1929
1927,554
1436,153
1068,1883
1979,148
860,98
614,495
1733,1783
757,867
1827,1023
833,502
573,52
1132,455
958,1527
93,1393
598,1917
646,13
769,817
1409,1131
1563,1134
805,1507
773,307
1710,1431
685,994
149,1625
1232,1660
1345,656
946,476
926,596
1836,255
253,374
580,859
1278,1420
1827,1001
698,253
817,862
474,1472
1606,1890
17,1968
1752,1873
1769,298
1709,1015
1928,1296
487,1319
1208,801
265,4
1257,1382
1588,1231
4,1269
1041,1354
1181,487
88,1127
900,235
1236,1482
141,414
934,1395
838,1525
1084,885
1443,876
242,1215
872,1102
1752,1148
1194,1583
642,240
1708,1282
969,1926
1556,1457
1451,1355
853,1310
723,194
1807,1689
1388,1550
200,32
32,1946
497,1425
1592,1121
50,1026
1984,1696
210,453
1137,793
599,1028
1456,1057
1486,415
1657,1358
547,488
166,1529
474,1194
876,965
738,1771
958,1941
358,331
1452,596
1518,7
91,1704
1643,85
1046,670
1420,1651
1624,1744
1098,201
477,524
1005,1393
1601,895
663,1278
886,1667
487,1335
964,940
776,1334
1955,1580
1782,1587
403,835
507,1389
20,1871
950,689
1386,498
293,1664
1402,1184
529,622
1439,458
1146,412
1045,630
1004,982
1307,1996
1546,27
1739,1029
1108,775
1425,1135
1158,765
85,706
1131,1044
1,993
5,1560
410,587
732,1639
1477,1567
1548,1880
689,438
863,351
922,1975
94,1310
1635,1555
343,1640
1023,209
1271,1099
1816,168
398,659
579,1223
46,616
1767,1199
1857,233
1453,48
271,97
1521,1849
666,1123
508,1791
379,1805
1165,268
1017,1249
898,456
200,1802
1365,1006
91,1252
707,658
671,1701
624,864
1674,865
291,934
1836,924
1229,906
173,838
1830,1224
1319,127
308,725
1600,1793
232,1206
114,359
1483,1459
1622,1157
708,941
1733,657
1436,840
446,1942
1884,807
1319,1711
1812,689
189,279
688,564
568,107
723,169
1066,1377
1265,443
1564,72
1866,166
675,121
222,1455
1605,1586
106,1546
21,859
808,1401
1730,55
1173,195
598,1044
816,69
683,346
1599,121
536,782
1141,72
89,416
1767,662
1673,1913
1948,1288
1345,1867
501,469
565,282
473,1790
1560,936
1610,1367
1911,1588
1313,1358
1255,1001
1780,50
555,607
555,287
553,1076
1474,1310
39,1117
1124,20
146,328
1032,706
1338,1886
462,1926
1189,1549
202,675
1175,1584
1285,1532
506,531
362,25
582,1685
1096,1289
476,228
708,1540
302,1806
728,1978
1910,553
1018,908
493,339
176,499
1262,1592
755,435
1320,352
482,1091
428,1709
1137,739
1599,63
1053,564
1232,1530
1503,1419
1424,538
1532,580
1696,1556
543,1747
30,456
1094,1490
725,1235
1862,265
317,1067
1765,381
951,619
639,1488
1737,841
291,462
332,1488
1722,956
1760,1345
1392,1896
1288,783
1,1803
1655,518
166,1290
168,1645
538,1682
510,752
131,1841
599,1180
1921,1827
172,699
1645,1674
1343,1519
562,1581
1952,1462
99,85
1780,1347
201,1934
1184,1825
1020,1285
1731,223
613,1750
1648,117
1878,1738
1663,517
628,1802
189,1872
1980,895
959,1093
1886,1475
258,92
1777,582
424,258
888,1191
133,1291
1479,425
276,63
1800,206
1615,1867
888,1452
1489,1904
1108,1714
1220,13
1440,1451
1205,276
447,1881
964,712
1032,1259
171,581
915,160
270,160
594,1561
497,513
1449,1489
604,453
709,1181
33,1753
807,39
974,435
294,637
286,1209
1683,1059
501,1039
180,754
1667,1058
308,1827
555,1159
1180,330
879,579
322,1747
897,45
1171,886
560,1738
1299,1675
735,865
1202,894
1316,865
1905,628
1194,48
1985,646
1846,1347
242,1645
158,589
154,1688
893,140
505,1735
541,1181
1285,1597
880,317
1592,1517
383,1906
1401,55
688,1960
1362,1218
57,1115
131,1760
1424,975
1795,635
1937,377
208,52
1833,1643
1710,1177
664,1042
557,1735
1000,1986
966,847
1135,454
1449,1608
21,1709
1257,1275
1136,1331
1318,714
827,683
970,1249
363,1956
1219,1747
566,734
385,1008
1854,546
1979,1575
253,14
881,939
1602,601
202,669
43,771
313,1919
319,1859
527,46
343,1563
1743,825
1276,994
1179,135
296,274
503,1790
1422,1757
1964,1432
967,513
470,1893
1292,1595
937,1058
553,314
1245,1468
209,808
746,660
988,766
981,305
500,1384
1841,1337
772,476
1033,839
605,900
1645,35
418,1337
1077,1721
1000,330
333,348
1926,1055
942,1427
1589,1051
727,637
389,840
294,1563
1819,524
763,512
191,521
1324,1677
532,299
1814,1637
637,44
764,675
1858,837
505,1773
555,1540
738,431
242,406
561,376
642,1994
1388,997
19,410
1825,1467
1940,413
480,583
1600,765
1846,1043
1304,658
659,544
521,1156
1624,1683
1521,229
173,1966
97,267
1938,1635
1856,1088
373,1517
490,570
77,1871
1692,1214
269,1935
179,1575
1840,1321
360,677
15,1843
1390,1816
365,1047
249,46
1991,855
1643,1051
1932,1415
135,1922
1526,1460
1427,1971
214,858
1697,351
1636,872
558,30
781,13
1692,907
1405,1185
803,355
324,1030
539,1889
347,105
1035,1713
1451,1463
60,1301
909,1655
1679,1519
715,1771
321,935
1526,653
296,405
1622,1
299,749
1821,1831
770,1095
1432,362
282,1913
1365,1648
1011,692
392,827
1242,1782
984,681
1293,165
1208,678
406,1073
1949,715
230,1612
1326,1423
830,1446
786,1804
1243,118
251,1837
1023,746
277,1197
772,769
115,1259
272,1794
1121,577
1349,1646
23,1015
481,1838
1621,1665
896,850
398,1838
1120,960
648,1093
88,574
287,1390
617,1994
619,1119
299,1581
1883,510
1685,297
1129,799
223,36
315,120
175,265
784,1205
1685,1330
95,102
781,84
539,1458
1963,954
1995,1924
1547,356
782,1266
930,545
1826,1682
1872,501
1956,1387
1255,1807
518,1051
156,569
483,1786
1499,1221
1258,888
1013,855
1404,591
1803,123
1927,837
1093,1194
1818,537
782,208
526,514
1086,1989
1070,474
12,1854
1001,1617
817,1298
1613,1172
1899,842
1136,1501
1838,1637
1687,529
1436,617
139,431
603,1297
1296,638
1657,626
1438,1183
600,1665
1190,1433
506,945
1662,351
1813,91
213,288
22,747
1301,948
1135,1930
147,258
63,295
88,911
453,1743
1635,24
1099,977
598,66
1963,1417
1743,1667
720,958
1534,1785
758,1514
1980,1067
649,1011
247,1881
74,635
731,1067
1106,1701
615,118
311,92
534,830
290,1804
363,135
430,250
1496,1496
875,1130
1451,1515
1809,1921
1065,1509
471,867
786,1423
1441,1319
1068,1141
1089,1843
1407,1019
175,147
1146,1943
1323,783
497,1712
835,331
1335,672
1640,511
1346,220
1821,1935
546,841
137,1304
1537,449
1200,928
488,823
1071,1313
1171,1733
1209,770
1303,1679
326,907
898,983
1068,1160
1610,778
1649,1212
726,1289
351,1493
1888,1172
1468,1910
782,1021
1790,471
129,626
731,309
101,558
506,1252
1943,675
1037,1199
96,1329
1141,1088
517,1800
1477,1790
1552,445
1275,472
1282,545
664,640
1689,1415
115,458
569,931
1401,594
663,1315
664,81
280,240
1533,1441
386,554
759,1596
873,291
376,1090
1693,1439
150,1258
1161,690
278,1866
661,899
546,894
473,667
1215,1990
593,1410
1803,91
476,731
1237,446
1957,1358
454,1366
45,1802
1749,1192
548,1859
1481,1730
1283,1705
347,808
959,302
1712,1217
304,1044
423,1294
1690,619
790,1881
1512,1353
1872,251
1378,1676
1423,1242
1,500
1154,1247
1067,927
915,1770
166,1982
20,96
1648,1493
531,1660
587,1457
988,1933
1871,1228
358,1795
1124,451
1330,49
1434,1591
457,485
725,1952
314,1970
950,1405
1138,1687
661,417
1070,703
1894,1487
946,1420
293,1033
21,282
1824,792
427,1128
18,1348
941,1245
35,998
1768,1658
232,1664
327,290
1572,1191
1597,1565
70,1892
1340,945
40,912
663,1247
164,590
475,78
594,876
549,317
26,1584
890,1634
274,354
135,553
628,1969
811,174
1919,37
219,1762
472,110
1009,1607
1449,1423
389,943
1045,1161
184,748
1194,1947
1329,80
266,822
120,671
1796,1405
1007,1424
1171,787
1854,1475
6,1508
236,570
1971,266
916,1360
1289,48
1176,295
476,587
1204,425
1453,566
677,694
116,1561
258,1775
1740,33
519,217
1063,1125
324,365
1908,664
1320,1501
1136,1385
1290,976
18,1246
1353,165
368,743
1549,1824
176,1256
158,76
150,1025
1566,138
1245,1468
1206,1649
865,1051
362,415
1743,1259
1693,1447
1329,319
1867,473
243,32
526,754
1649,72
679,986
347,245
792,554
857,501
1177,1736
1748,644
1241,21
1698,712
448,637
690,1665
168,1837
694,490
1228,747
8,173
983,1122
323,1064
1630,1874
1169,1194
1206,568
1653,1969
1821,1760
613,1969
815,276
702,1597
1104,1671
1066,573
719,201
501,1103
640,1850
1428,139
1411,852
23,1243
1712,1604
367,1143
75,676
121,1576
1994,1460
257,920
1833,760
15,817
900,1946
592,388
194,1765
511,1199
60,1489
370,1128
1978,1510
1877,446
1440,1637
1752,1554
718,1848
732,1598
138,1848
1,1089
1047,713
133,1577
1180,610
974,1175
432,1707
921,601
807,1118
426,253
1269,156
429,1559
1204,1602
475,1271
830,1265
1010,1234
1214,628
1500,158
121,1699
1952,1724
1917,1508
1139,1895
1960,804
658,425
1120,507
62,1289
1060,1682
134,1731
1353,1798
1357,866
1502,1353
337,1826
1393,441
935,1015
1330,1663
437,1295
1426,305
1065,1436
1358,1826
1166,1501
1142,306
1230,629
1506,1407
598,626
1357,1341
382,245
1704,913
1972,1317
618,300
1908,5
1021,334
286,607
1238,919
780,171
758,1716
1363,1694
1619,1425
1345,561
1033,1800
1744,1893
1224,399
1717,29
971,1257
1626,1097
181,1349
1488,808
485,336
1600,875
785,1833
792,1127
1237,1131
956,1984
1885,166
422,1322
450,460
1992,915
1510,676
163,97
1836,253
1556,974
1728,1653
7,1707
201,1231
1268,1727
255,951
250,906
900,125
1039,634
1348,475
959,1626
252,1254
674,1029
1788,1464
9,1681
570,1242
1528,986
1154,539
195,1383
1634,1948
71,145
1499,875
129,940
1318,182
588,1357
724,1315
119,36
1341,202
622,1850
86,280
1516,604
1102,828
1704,1751
1652,311
1990,1969
1452,196
1178,741
1070,950
1259,1426
1111,746
354,1665
480,350
1490,1131
1337,1892
1208,901
1987,1715
580,1958
1365,271
437,20
853,285
480,336
1643,1561
1916,899
826,1881
146,1073
1438,1330
304,1136
195,198
1668,571
491,1073
427,1252
1333,1852
75,1820
1112,750
1811,455
1894,330
296,780
980,1669
590,166
523,548
281,315
1037,1005
29,1994
1871,1366
168,776
478,1004
1928,346
1828,1976
196,619
1331,841
1960,1036
1036,954
171,1430
1853,1693
1361,512
513,19
1533,802
688,546
1855,1792
1507,1448
817,843
1666,70
1649,807
906,1180
228,1389
1244,200
826,666
376,438
762,1953
1441,858
753,1070
1069,119
972,198
1634,1763
862,1469
36,446
1879,666
1872,189
235,174
397,1900
107,498
1130,1684
1593,269
235,1727
913,1496
1143,726
1810,1521
993,1651
437,947
858,276
1948,949
1982,1267
1214,941
1806,374
1281,1046
1226,733
565,925
370,366
189,509
1433,1720
507,858
1780,784
116,1681
1490,656
1289,972
1803,1794
591,1433
564,189
429,1912
777,876
645,1367
651,1382
1284,324
40,1401
1549,171
1549,359
508,61
1169,1501
791,952
360,1865
1585,1756
1902,1205
28,1221
1974,152
1680,1128
575,660
1480,322
1750,66
83,1363
22,1424
172,992
1587,619
203,1988
183,1411
1169,991
1441,1692
27,925
1336,1480
310,1276
1230,1048
704,887
1249,834
1695,219
1019,1800
620,1422
1525,1949
170,351
1525,1592
1536,509
1980,1341
1341,657
1002,1485
414,640
149,858
1038,708
214,1009
248,1665
631,883
704,399
1523,797
1250,539
974,695
356,126
288,1084
319,1015
605,521
1167,403
282,1630
1568,707
464,178
543,1398
1480,470
277,1991
1845,1035
1018,120
536,1977
160,1513
1681,1781
857,1549
363,1734
286,1760
640,1556
1409,1920
195,69
1916,1311
1907,936
1561,1583
1387,1853
143,224
1016,1009
260,1066
1234,1301
1748,707
1616,1315
1612,1116
417,1122
479,1466
1671,1454
1376,1803
648,545
286,571
1205,1042
816,1500
1588,1554
468,316
999,55
848,36
1127,1240
722,1063
1023,618
1931,1302
1676,1662
939,397
795,842
1855,549
17,1084
1975,230
248,1956
1796,533
1151,1293
1448,386
1448,1140
169,50
1594,1917
504,993
1441,926
949,1801
451,378
380,1145
1594,1437
334,467
1739,1723
763,948
1746,1607
1637,1489
1794,1124
1498,88
62,611
1660,1822
914,1243
571,887
1689,1516
1009,495
328,1208
1461,633
150,1728
1405,966
695,596
145,913
40,1927
803,329
437,1456
1469,1200
487,162
1307,851
1299,624
870,1607
266,1392
882,438
642,262
1613,366
329,1250
1898,1662
268,1800
1842,1560
1271,644
1238,1307
105,1882
202,680
1454,1745
1993,587
135,1603
1768,458
1134,121
1972,566
763,1728
1929,1950
192,1812
747,665
96,1089
1585,104
1590,1894
1247,1800
321,1831
578,451
1249,1544
1423,630
111,1853
600,1587
1669,1465
1453,1370
1349,1484
1820,735
1761,1609
648,1586
1845,688
1671,935
1334,467
737,718
349,1473
1728,1142
1651,1264
875,866
1857,628
1164,1233
135,981
569,1296
1780,51
472,363
888,745
1490,753
946,239
853,219
517,76
278,1983
880,1223
1904,1617
1326,1735
201,1701
890,730
9,399
1971,501
708,333
33,503
1735,27
1419,335
1462,1864
1233,1912
680,646
285,1789
747,1257
412,893
1115,1367
1224,1821
74,191
1040,304
27,1384
1261,518
818,335
1663,930
137,1223
1628,652
912,668
629,530
1646,871
832,12
1600,1224
54,840
1722,1831
1155,14
746,245
320,1627
655,485
187,798
847,143
1333,46
317,1401
305,215
1834,1005
1216,944
1732,1226
243,796
1527,1380
1996,879
476,1936
535,1262
1703,1989
324,1134
218,14
1562,830
69,1479
823,890
989,65
30,585
957,1259
60,536
249,1255
1424,1353
890,1123
254,1903
455,1619
467,1522
1370,1134
922,1622
1334,1492
355,1561
373,616
1356,1408
1619,1501
1987,1227
341,1028
1455,19
951,1505
319,1349
1609,1889
1262,595
212,816
1785,31
1100,1082
1129,497
869,1607
622,1474
492,348
867,249
1679,6
777,937
399,1449
1164,333
1647,1938
819,1422
698,1189
143,1744
36,578
674,1433
115,1332
1352,1050
221,949
185,233
1966,418
517,1361
458,81
953,1872
742,717
1257,1346
77,391
1712,1578
1854,1557
441,908
1358,1314
348,1004
416,119
1553,678
397,543
1621,886
838,124
807,711
1661,679
1341,200
1574,226
1748,164
1880,1084
1507,92
1202,186
740,1605
504,692
274,845
228,1827
770,1150
1502,1747
892,1019
188,169
1751,1131
1964,1329
1877,764
1745,169
578,144
1737,494
757,1842
856,1029
787,1427
1436,1954
1971,474
1058,912
969,842
1739,704
1135,766
1893,792
1792,1179
78,985
456,503
1354,1393
549,418
1697,937
1937,1662
1627,594
1287,1447
1087,547
1993,732
1888,1222
1655,805
142,1680
306,1960
736,1545
298,1766
770,1203
1199,1195
678,1774
202,966
509,1735
1782,440
284,1478
956,1298
581,1199
1800,1328
81,153
1057,595
820,201
583,1505
1711,737
71,1843
525,1384
1826,1413
89,1441
1411,660
288,1444
1839,1533
880,1734
1726,1898
157,1816
1356,172
1302,17
1194,1488
1154,458
1274,1887
1968,1481
806,1242
1812,1574
1596,220
960,50
583,1461
1651,1233
1043,839
513,1958
1679,610
987,1870
1134,787
1878,1893
295,546
1424,1407
1692,1288
831,1666
671,884
854,76
802,379
1250,328
1603,1140
662,898
1424,38
1872,725
1145,1681
702,339
406,1220
958,594
1691,267
408,1628
1037,243
999,311
934,1957
1525,1961
556,79
1432,686
1740,568
1974,1299
861,1837
1248,880
1776,329
294,874
974,1621
442,1785
1688,358
1597,1159
328,1919
315,770
1963,383
497,963
26,351
1860,1084
1449,1060
542,1765
576,817
102,1801
1673,525
1198,194
602,1797
250,245
875,708
266,1541
1132,286
1058,603
140,1935
233,1565
1349,537
1446,546
1122,1381
670,943
1110,1566
105,961
597,402
897,1297
1737,188
1320,286
490,1875
1409,729
1825,1298
1132,1918
444,1417
675,371
1051,304
1666,1894
673,250
1962,1180
1195,906
1945,345
1826,942
86,1174
1718,1217
1179,1219
1268,1289
1382,535
311,61
1040,776
1544,1517
260,163
1698,805
79,1832
1565,887
847,126
1581,772
1411,442
1858,136
285,840
133,328
514,1308
374,1997
214,243
1425,254
560,1808
141,1781
548,1579
305,1729
329,19
1385,109
168,964
289,836
111,1296
460,473
1151,338
726,217
829,472
1507,1100
1624,903
1916,770
1878,745
20,1725
1458,1970
303,1920
1849,683
829,527
901,1149
1263,46
1851,1960
6,1074
1887,1030
1968,1679
1476,925
1193,1539
1777,1427
1053,212
245,1019
945,748
1395,823
1901,1463
622,1534
714,541
991,111
1254,1063
1189,851
578,1612
296,1968
1405,1870
441,722
1235,1961
1042,1877
1027,520
717,1448
884,1633
1830,897
1826,1924
520,258
1570,1138
403,1793
1093,707
887,280
185,1317
1927,1994
1070,1213
267,272
1740,894
1897,1828
1999,1371
1380,1756
720,1883
1331,1416
1590,456
1428,1152
481,1440
367,857
1737,1142
25,893
1436,921
921,1629
423,1084
1920,540
955,3
511,744
693,1635
898,1069
1771,326
697,717
775,1882
318,1052
216,1432
1703,1165
1792,1458
1795,170
229,1378
17,1974
929,544
290,1494
339,1859
357,1404
1803,339
423,1345
1353,1418
665,437
197,1815
901,985
1072,688
1115,1538
1655,1650
1937,1048
1441,1640
1498,3
856,44
1421,1667
1679,44
1176,739
1506,387
1505,192
1953,1976
472,321
1401,472
770,1393
1951,1319
171,889
422,1346
1214,1865
717,1454
914,963
274,1538
188,1047
743,1439
1038,532
1819,1052
854,1203
1453,209
991,1049
321,1518
949,1319
1869,1631
1578,1630
1925,1350
71,854
207,1890
819,1316
1500,933
1358,1101
756,120
495,167
623,532
1803,874
430,447
1337,1122
1158,1357
815,1023
1876,900
1202,1286
1691,1007
582,637
1654,228
899,1936
1311,332
932,328
1806,302
1303,1531
446,436
1536,1952
1855,1010
290,678
477,574
1717,1143
840,936
1643,1264
43,506
1296,1547
21,1600
1841,975
1202,1841
65,1019
1799,243
19,1482
1178,1891
1610,1991
1876,663
667,182
797,1165
635,242
147,766
83,1829
1405,508
1735,1136
365,1490
1616,391
840,1418
1602,1640
1268,414
1674,1225
1563,666
176,671
1674,1833
446,1984
1963,30
988,1169
987,365
866,1016
51,384
408,1004
980,1543
159,270
570,1578
763,1402
1939,516
1940,975
481,451
1182,1436
1933,87
1959,1826
1952,185
357,960
584,1045
526,729
1501,1905
35,1265
1416,20
1953,1254
434,1436
1582,1315
1560,1865
1437,1934
1333,749
837,643
353,245
1124,1286
1615,1495
571,1019
1148,779
1627,848
1479,1586
1560,1545
702,1631
623,479
463,1774
1542,1870
682,1336
574,1953
1137,533
1293,1635
937,1934
1038,913
1942,540
129,1782
1697,954
44,317
1508,1732
2,1711
1752,1605
1907,812
